id,timestamp,temperature,humidity,pressure
1,"2017-06-14 21:28:13",32.2,60,1007.46
2,"2017-06-14 21:30:02",32.32,60,1007.44
3,"2017-06-14 21:30:24",32.26,59,1007.38
4,"2017-06-14 21:30:29",32.28,60,1007.45
5,"2017-06-14 21:30:38",32.3,60,1007.44
6,"2017-06-14 21:30:42",32.3,60,1007.42
7,"2017-06-14 21:40:01",32.49,60,1007.43
8,"2017-06-14 21:44:18",32.71,60,1007.31
9,"2017-06-14 21:50:02",32.87,59,1007.24
15,"2017-06-14 22:10:02",31.99,62,1007.06
16,"2017-06-14 22:10:02",31.99,62,1007.06
17,"2017-06-14 22:20:02",32.05,62,1007.06
18,"2017-06-14 22:20:02",32.05,62,1007.06
19,"2017-06-14 22:30:02",31.91,62,1006.92
20,"2017-06-14 22:30:02",31.91,62,1006.92
21,"2017-06-14 22:40:02",31.79,62,1006.8
22,"2017-06-14 22:40:02",31.79,62,1006.8
23,"2017-06-14 22:50:02",31.79,62,1006.72
24,"2017-06-14 22:50:02",31.79,62,1006.72
25,"2017-06-14 22:57:47",31.77,62,1006.73
26,"2017-06-14 23:00:01",31.82,63,1006.75
27,"2017-06-14 23:00:01",31.82,63,1006.75
28,"2017-06-14 23:10:03",31.01,65,1006.66
29,"2017-06-14 23:10:03",31.01,65,1006.66
30,"2017-06-14 23:20:02",31.34,64,1006.56
31,"2017-06-14 23:20:02",31.34,64,1006.56
32,"2017-06-14 23:30:02",31.3,64,1006.56
33,"2017-06-14 23:30:02",31.3,64,1006.56
34,"2017-06-14 23:40:02",31.03,65,1006.44
35,"2017-06-14 23:40:02",31.03,65,1006.44
36,"2017-06-14 23:50:02",31.15,66,1006.44
37,"2017-06-14 23:50:02",31.15,66,1006.44
38,"2017-06-15 00:00:02",31.13,66,1006.51
39,"2017-06-15 00:10:01",31.05,66,1006.49
40,"2017-06-15 00:20:02",31.09,66,1006.5
41,"2017-06-15 00:30:02",30.89,67,1006.66
42,"2017-06-15 00:40:01",30.75,67,1006.92
43,"2017-06-15 00:50:02",30.51,68,1006.99
44,"2017-06-15 01:00:02",30.24,69,1006.99
45,"2017-06-15 01:10:01",30.1,68,1007.16
46,"2017-06-15 01:20:01",29.89,69,1007.3
47,"2017-06-15 01:30:02",29.94,69,1007.39
48,"2017-06-15 01:40:02",29.46,71,1007.47
49,"2017-06-15 01:50:01",29.35,72,1007.52
50,"2017-06-15 02:00:02",29.23,72,1007.67
51,"2017-06-15 02:10:02",29.12,72,1007.68
52,"2017-06-15 02:36:01",28.75,74,1008.06
53,"2017-06-15 02:40:02",28.8,74,1008.04
54,"2017-06-15 02:50:01",28.66,75,1008.05
55,"2017-06-15 03:00:02",28.45,76,1008.19
56,"2017-06-15 03:10:02",28.23,77,1008.3
57,"2017-06-15 03:20:02",28.22,77,1008.37
58,"2017-06-15 03:30:01",28.17,77,1008.45
59,"2017-06-15 03:40:02",28.06,77,1008.52
60,"2017-06-15 03:50:02",27.98,77,1008.63
61,"2017-06-15 04:00:02",27.91,77,1008.54
62,"2017-06-15 04:10:02",27.91,77,1008.41
63,"2017-06-15 04:20:03",27.82,77,1008.36
64,"2017-06-15 04:30:03",27.78,78,1008.39
65,"2017-06-15 04:40:02",27.68,78,1008.57
66,"2017-06-15 04:50:01",27.43,79,1008.53
67,"2017-06-15 05:00:02",27.36,80,1008.66
68,"2017-06-15 05:10:01",27.28,79,1008.78
69,"2017-06-15 05:20:01",27.15,80,1008.97
70,"2017-06-15 05:30:02",27.06,81,1009.03
71,"2017-06-15 05:40:02",27,81,1009.46
72,"2017-06-15 05:50:01",26.94,81,1010.06
73,"2017-06-15 06:00:02",26.93,81,1010.02
74,"2017-06-15 06:10:02",26.71,80,1010.14
75,"2017-06-15 06:20:01",26.05,65,1010.25
76,"2017-06-15 06:30:01",25.5,54,1010.36
77,"2017-06-15 06:40:01",22.03,76,1011.89
78,"2017-06-15 06:50:02",20.53,90,1011.59
79,"2017-06-15 07:00:01",21.8,85,1010.58
80,"2017-06-15 07:10:01",21.7,86,1010.71
81,"2017-06-15 07:20:01",21.75,85,1010.72
82,"2017-06-15 07:30:02",21.18,89,1010.11
83,"2017-06-15 07:40:01",21.32,89,1010.64
84,"2017-06-15 07:50:01",21.75,86,1009.2
85,"2017-06-15 08:00:02",20.97,91,1007.96
86,"2017-06-15 08:10:02",20.76,91,1007.21
87,"2017-06-15 08:20:01",20.79,91,1010.34
88,"2017-06-15 08:30:01",20.95,90,1009.97
89,"2017-06-15 08:40:02",21.04,91,1009.86
90,"2017-06-15 08:50:02",21.3,91,1010.31
91,"2017-06-15 09:00:01",21.17,92,1010.84
92,"2017-06-15 09:10:02",21.08,93,1011.01
93,"2017-06-15 09:20:02",20.96,93,1011.09
94,"2017-06-15 09:30:02",20.82,92,1011.23
95,"2017-06-15 09:40:01",20.84,92,1010.99
96,"2017-06-15 09:50:01",21.01,92,1011.06
97,"2017-06-15 10:00:02",20.91,93,1011.13
98,"2017-06-15 10:10:02",21.03,93,1011
99,"2017-06-15 10:20:02",21.08,93,1011.09
100,"2017-06-15 10:30:01",21.07,92,1011.13
101,"2017-06-15 10:40:02",20.99,93,1011.11
102,"2017-06-15 10:50:02",20.95,93,1011.21
103,"2017-06-15 11:00:01",20.76,94,1011.37
104,"2017-06-15 11:10:01",20.92,93,1011.55
105,"2017-06-15 11:20:02",20.89,93,1011.64
106,"2017-06-15 11:30:02",21.02,93,1011.59
107,"2017-06-15 11:40:01",20.98,93,1011.83
108,"2017-06-15 11:50:02",20.95,93,1011.75
109,"2017-06-15 12:00:02",20.92,93,1011.66
110,"2017-06-15 12:10:01",20.97,94,1011.67
111,"2017-06-15 12:20:01",21.06,94,1011.79
112,"2017-06-15 12:30:02",21.28,93,1011.73
113,"2017-06-15 12:40:02",21.87,90,1011.62
114,"2017-06-15 12:50:01",22.22,88,1011.77
115,"2017-06-15 13:00:01",22.49,87,1011.83
116,"2017-06-15 13:10:02",23.08,84,1011.77
117,"2017-06-15 13:20:02",23.63,84,1011.94
118,"2017-06-15 13:30:01",24,81,1011.92
119,"2017-06-15 13:40:01",24.63,79,1011.95
120,"2017-06-15 13:50:02",24.83,76,1011.89
121,"2017-06-15 14:00:01",25.03,76,1011.95
122,"2017-06-15 14:10:01",25.92,75,1011.96
123,"2017-06-15 14:20:01",26.2,73,1012.04
124,"2017-06-15 14:30:02",26.65,70,1011.89
125,"2017-06-15 14:40:02",27.13,71,1012.05
126,"2017-06-15 14:50:01",26.81,69,1012.04
127,"2017-06-15 15:00:02",27.34,69,1011.81
128,"2017-06-15 15:10:02",26.92,67,1011.9
129,"2017-06-15 15:20:02",28.3,62,1011.78
130,"2017-06-15 15:30:01",27.86,66,1011.81
131,"2017-06-15 15:40:02",27.82,67,1011.85
132,"2017-06-15 15:50:02",28.01,65,1011.9
133,"2017-06-15 16:00:01",28.01,66,1011.8
134,"2017-06-15 16:10:02",28.65,65,1011.64
135,"2017-06-15 16:20:02",28.93,63,1011.6
136,"2017-06-15 16:30:02",29.33,63,1011.33
137,"2017-06-15 16:40:02",30.03,63,1011.32
138,"2017-06-15 16:50:02",29.54,63,1011.29
139,"2017-06-15 17:00:01",29.66,63,1011.19
140,"2017-06-15 17:10:02",29.48,64,1011.16
141,"2017-06-15 17:20:02",30.25,62,1011.06
142,"2017-06-15 17:30:01",30.94,62,1010.98
143,"2017-06-15 17:40:01",30.64,62,1011.02
144,"2017-06-15 17:50:02",31.45,61,1010.94
145,"2017-06-15 18:00:02",31.58,61,1010.86
146,"2017-06-15 18:10:01",31.68,61,1010.81
147,"2017-06-15 18:20:01",31.45,62,1010.76
148,"2017-06-15 18:30:02",32.32,60,1010.59
149,"2017-06-15 18:40:01",31.84,60,1010.55
150,"2017-06-15 18:50:01",31.52,62,1010.44
151,"2017-06-15 19:00:02",31.88,59,1010.37
152,"2017-06-15 19:10:02",32.4,61,1010.15
153,"2017-06-15 19:20:01",32.45,61,1010.04
154,"2017-06-15 19:30:01",32.11,62,1010.08
155,"2017-06-15 19:40:02",32.69,60,1009.92
156,"2017-06-15 19:50:02",32.55,62,1009.74
157,"2017-06-15 20:00:01",32.65,60,1009.78
158,"2017-06-15 20:10:01",32.78,59,1009.66
159,"2017-06-15 20:20:02",32.98,62,1009.45
160,"2017-06-15 20:30:02",35.92,55,1009.22
161,"2017-06-15 20:40:02",35.91,59,1009.05
162,"2017-06-15 20:50:01",36.32,56,1008.88
163,"2017-06-15 21:00:01",37.76,58,1008.73
164,"2017-06-15 21:10:02",36,56,1008.62
165,"2017-06-15 21:20:02",37.43,54,1008.33
166,"2017-06-15 21:30:01",35.99,55,1008.28
167,"2017-06-15 21:40:01",36.27,54,1008.26
168,"2017-06-15 21:50:02",35.79,52,1008.26
169,"2017-06-15 22:00:01",35.3,55,1008.2
170,"2017-06-15 22:10:02",34.47,57,1008.28
171,"2017-06-15 22:20:02",33.65,58,1008.27
172,"2017-06-15 22:30:02",33.41,62,1008.18
173,"2017-06-15 22:40:01",33.2,63,1007.79
174,"2017-06-15 22:50:02",33.06,62,1007.53
175,"2017-06-15 23:00:02",32.48,64,1007.17
176,"2017-06-15 23:10:01",32.21,64,1006.93
177,"2017-06-15 23:20:01",31.94,67,1006.75
178,"2017-06-15 23:30:02",31.91,67,1006.31
179,"2017-06-15 23:40:02",31.72,67,1006.52
180,"2017-06-15 23:50:02",31.36,70,1006.81
181,"2017-06-16 00:00:01",31.43,71,1007.04
182,"2017-06-16 00:10:02",31.07,71,1007.02
183,"2017-06-16 00:20:02",30.6,73,1007.04
184,"2017-06-16 00:30:02",30.35,73,1006.92
185,"2017-06-16 00:40:01",30.02,76,1006.66
186,"2017-06-16 00:50:01",29.5,78,1006.76
187,"2017-06-16 01:00:02",29.16,79,1006.6
188,"2017-06-16 01:10:02",28.79,81,1006.42
189,"2017-06-16 01:20:01",28.78,80,1006.68
190,"2017-06-16 01:30:01",28.61,80,1006.76
191,"2017-06-16 01:40:02",28.55,80,1006.67
192,"2017-06-16 01:50:02",28.19,83,1006.72
193,"2017-06-16 02:00:01",28.43,81,1006.81
194,"2017-06-16 02:10:01",28.23,81,1007.05
195,"2017-06-16 02:20:02",28.12,82,1007.56
196,"2017-06-16 02:30:02",28.52,80,1007.71
197,"2017-06-16 02:40:01",28.71,78,1007.3
198,"2017-06-16 02:50:01",28.62,79,1007.3
199,"2017-06-16 03:00:02",28.88,77,1007.56
200,"2017-06-16 03:10:02",27.67,71,1008.56
201,"2017-06-16 03:20:02",25.57,73,1009.31
202,"2017-06-16 03:30:01",25.28,73,1009.54
203,"2017-06-16 03:40:01",25.05,76,1009.33
204,"2017-06-16 03:50:02",24.72,78,1008.9
205,"2017-06-16 04:00:01",24.26,82,1008.74
206,"2017-06-16 04:10:01",24.02,85,1008.85
207,"2017-06-16 04:20:01",23.72,81,1008.57
208,"2017-06-16 04:30:02",23.27,86,1008.48
209,"2017-06-16 04:40:02",23.6,85,1008.58
210,"2017-06-16 04:50:02",23.88,83,1008.89
211,"2017-06-16 05:00:02",25.31,78,1008.33
212,"2017-06-16 05:10:01",25.71,74,1008.22
213,"2017-06-16 05:20:01",25.53,76,1008.01
214,"2017-06-16 05:30:02",25.51,76,1007.88
215,"2017-06-16 05:40:02",25.75,75,1007.41
216,"2017-06-16 05:50:01",26.14,70,1007.23
217,"2017-06-16 06:00:02",26.27,68,1007.16
218,"2017-06-16 06:10:02",26.78,62,1006.28
219,"2017-06-16 06:20:01",28.17,50,1005.4
220,"2017-06-16 06:30:02",28.9,42,1004.84
221,"2017-06-16 06:40:01",26.75,62,1006.06
222,"2017-06-16 06:50:02",26.94,60,1006.94
223,"2017-06-16 07:00:02",26.35,66,1007.66
224,"2017-06-16 07:10:01",25.84,69,1007.83
225,"2017-06-16 07:20:01",25.78,69,1008.06
226,"2017-06-16 07:30:02",25.5,70,1008.34
227,"2017-06-16 07:40:02",24.94,73,1008.45
228,"2017-06-16 07:50:01",24.9,74,1008.93
229,"2017-06-16 08:00:02",25.24,73,1008.82
230,"2017-06-16 08:10:02",24.97,74,1009.03
231,"2017-06-16 08:20:01",24.72,75,1009.32
232,"2017-06-16 08:30:01",24.96,73,1009.28
233,"2017-06-16 08:40:02",24.85,73,1009.43
234,"2017-06-16 08:50:01",24.47,71,1009.67
235,"2017-06-16 09:00:01",24.64,71,1009.71
236,"2017-06-16 09:10:02",24.26,71,1009.7
237,"2017-06-16 09:20:02",24.51,70,1009.55
238,"2017-06-16 09:30:01",24.24,73,1009.7
239,"2017-06-16 09:40:02",24.25,72,1009.42
240,"2017-06-16 09:50:02",24.56,72,1009.54
241,"2017-06-16 10:00:01",24.13,73,1009.47
242,"2017-06-16 10:10:02",24.7,73,1009.43
243,"2017-06-16 10:20:02",24.18,73,1009.48
244,"2017-06-16 10:30:01",24.41,74,1009.4
245,"2017-06-16 10:40:01",23.9,75,1009.41
246,"2017-06-16 10:50:02",23.81,76,1009.26
247,"2017-06-16 11:00:01",23.43,77,1009.15
248,"2017-06-16 11:10:01",23.52,77,1009.27
249,"2017-06-16 11:20:02",23.28,78,1009.29
250,"2017-06-16 11:30:02",23.94,77,1009.15
251,"2017-06-16 11:40:01",23.71,77,1009.19
252,"2017-06-16 11:50:02",23.97,75,1009.18
253,"2017-06-16 12:00:02",24.45,75,1009.15
254,"2017-06-16 12:10:01",24.96,73,1009.19
255,"2017-06-16 12:20:01",25.18,74,1009.1
256,"2017-06-16 12:30:02",25.08,72,1009.11
257,"2017-06-16 12:40:02",26.19,71,1009.16
258,"2017-06-16 12:50:01",25.96,73,1009.25
259,"2017-06-16 13:00:02",26.1,71,1009.15
260,"2017-06-16 13:10:02",26.54,70,1009.38
261,"2017-06-16 13:20:01",27.21,67,1009.37
262,"2017-06-16 13:30:01",27.27,67,1009.41
263,"2017-06-16 13:40:02",27.67,67,1009.44
264,"2017-06-16 13:50:01",27.51,66,1009.49
265,"2017-06-16 14:00:01",28,65,1009.32
266,"2017-06-16 14:10:02",27.32,61,1009.42
267,"2017-06-16 14:20:02",27.88,63,1009.3
268,"2017-06-16 14:30:01",27.89,58,1009.25
269,"2017-06-16 14:40:02",28.15,59,1009.25
270,"2017-06-16 14:50:02",28.23,61,1009.12
271,"2017-06-16 15:00:01",28.59,57,1008.96
272,"2017-06-16 15:10:01",28.98,59,1008.8
273,"2017-06-16 15:20:02",28.95,57,1008.79
274,"2017-06-16 15:30:02",29.74,54,1008.75
275,"2017-06-16 15:40:01",29.53,53,1008.7
276,"2017-06-16 15:50:02",29.9,52,1008.6
277,"2017-06-16 16:00:02",30.29,53,1008.62
278,"2017-06-16 16:10:01",30.35,51,1008.59
279,"2017-06-16 16:20:01",30.63,50,1008.46
280,"2017-06-16 16:30:02",31.19,52,1008.31
281,"2017-06-16 16:40:02",31.35,56,1008.2
282,"2017-06-16 16:50:01",31.21,51,1008.11
283,"2017-06-16 17:00:01",31.72,52,1008
284,"2017-06-16 17:10:02",32.02,47,1007.98
285,"2017-06-16 17:20:01",32.67,47,1007.76
286,"2017-06-16 17:30:01",32.61,46,1007.66
287,"2017-06-16 17:40:02",34.47,43,1007.41
288,"2017-06-16 17:50:02",35.02,54,1007.29
289,"2017-06-16 18:00:01",35.55,49,1007.12
290,"2017-06-16 18:10:02",35.06,43,1007.13
291,"2017-06-16 18:20:02",36.42,43,1006.84
292,"2017-06-16 18:30:02",36.07,39,1006.67
293,"2017-06-16 18:40:01",34.7,39,1006.61
294,"2017-06-16 18:50:01",36.03,44,1006.3
295,"2017-06-16 19:00:02",36.73,46,1006.21
296,"2017-06-16 14:10:02",37.82,41,1005.96
297,"2017-06-16 14:20:02",36.48,40,1005.92
298,"2017-06-16 14:30:01",37.9,44,1005.66
299,"2017-06-16 14:40:02",38.94,39,1005.45
300,"2017-06-16 14:50:02",36.98,47,1005.49
301,"2017-06-16 15:00:02",37.76,41,1005.22
302,"2017-06-16 15:10:01",37.16,44,1005.05
303,"2017-06-16 15:20:01",36.86,44,1004.98
304,"2017-06-16 15:30:02",37.55,41,1004.9
305,"2017-06-16 15:40:02",37.55,42,1004.93
306,"2017-06-16 15:50:02",37.8,46,1004.84
307,"2017-06-16 16:00:01",39.62,43,1004.62
308,"2017-06-16 16:10:02",38.37,43,1004.56
309,"2017-06-16 16:20:02",38.86,44,1004.28
310,"2017-06-16 16:30:01",37.03,44,1004.24
311,"2017-06-16 16:40:01",37.57,44,1004.27
312,"2017-06-16 16:50:02",37.62,45,1004.15
313,"2017-06-16 17:00:02",36.47,49,1003.94
314,"2017-06-16 17:10:01",35.57,48,1003.9
315,"2017-06-16 17:20:02",35.21,55,1003.89
316,"2017-06-16 17:30:02",33.84,56,1003.89
317,"2017-06-16 17:40:02",33.88,53,1003.68
318,"2017-06-16 17:50:01",34.04,56,1003.53
319,"2017-06-16 18:00:02",33.31,56,1003.27
320,"2017-06-16 18:10:02",33.21,56,1003.24
321,"2017-06-16 18:20:02",32.86,59,1003.22
322,"2017-06-16 18:30:01",32.76,58,1002.98
323,"2017-06-16 18:40:02",32.55,59,1002.91
324,"2017-06-16 18:50:02",32.49,61,1002.8
325,"2017-06-16 19:00:01",32.38,60,1002.59
326,"2017-06-16 19:10:01",32.07,62,1002.33
327,"2017-06-16 19:20:02",32.05,60,1002.53
328,"2017-06-16 19:30:02",31.6,61,1002.75
329,"2017-06-16 19:40:01",31.34,62,1002.81
330,"2017-06-16 19:50:01",31.42,64,1002.83
331,"2017-06-16 20:00:02",31.5,63,1002.76
332,"2017-06-16 20:10:01",31.07,64,1002.39
333,"2017-06-16 20:20:01",30.9,64,1002.22
334,"2017-06-16 20:30:02",30.79,66,1002.43
335,"2017-06-16 20:40:02",30.87,66,1002.45
336,"2017-06-16 20:50:01",31.96,62,1002.07
337,"2017-06-16 21:00:01",31.82,62,1001.46
338,"2017-06-16 21:10:01",31.56,63,1001.62
339,"2017-06-16 21:20:02",31.52,63,1001.59
340,"2017-06-16 21:30:02",31.48,63,1001.99
341,"2017-06-16 21:40:01",31.31,63,1001.9
342,"2017-06-16 21:50:01",31.4,63,1002.12
343,"2017-06-16 22:00:02",31.38,64,1002.12
344,"2017-06-16 22:10:02",31.25,65,1001.92
345,"2017-06-16 22:20:01",31.25,64,1001.9
346,"2017-06-16 22:30:01",31.18,65,1002.26
347,"2017-06-16 22:40:02",31.23,65,1002.67
348,"2017-06-16 22:50:01",31.17,65,1002.45
349,"2017-06-16 23:00:01",31.13,66,1002.56
350,"2017-06-16 23:10:02",31.14,66,1002.16
351,"2017-06-16 23:20:02",31.13,67,1002.08
352,"2017-06-16 23:30:01",31.04,68,1001.83
353,"2017-06-16 23:40:01",31.13,67,1002.2
354,"2017-06-16 23:46:45",31.18,67,1002.34
355,"2017-06-16 23:50:02",31.22,67,1002.5
356,"2017-06-17 00:00:02",31.16,67,1003.61
357,"2017-06-17 00:10:01",29.78,56,1005.27
358,"2017-06-20 23:20:02",13.1,76,1013.76
359,"2017-06-20 23:22:10",12.79,81,1013.75
360,"2017-06-20 23:30:01",25.95,54,1012.51
361,"2017-06-20 23:40:02",26.12,54,1012.52
362,"2017-06-20 23:50:02",28.71,69,1012.52
363,"2017-06-21 00:00:39",27.7,59,1012.61
364,"2017-06-21 00:10:02",27.28,62,1012.46
365,"2017-06-21 00:20:01",27.72,53,1012.44
366,"2017-06-21 00:30:01",28.04,54,1012.36
367,"2017-06-21 00:40:02",28.15,56,1012.12
368,"2017-06-21 00:50:02",28.19,57,1011.95
369,"2017-06-21 01:00:01",28.23,58,1011.84
370,"2017-06-21 01:10:02",28.28,58,1011.71
371,"2017-06-21 01:20:02",28.3,58,1011.6
372,"2017-06-21 01:30:02",28.27,58,1011.47
373,"2017-06-21 01:40:01",28.34,58,1011.38
374,"2017-06-21 01:50:02",28.29,58,1011.28
375,"2017-06-21 02:00:02",28.31,58,1011.25
376,"2017-06-21 02:10:01",28.33,58,1011.15
377,"2017-06-21 02:20:01",28.3,57,1011.17
378,"2017-06-21 02:30:02",28.39,59,1011.23
379,"2017-06-21 02:40:02",28.29,57,1011.23
380,"2017-06-21 02:50:01",28.31,59,1011.22
381,"2017-06-21 03:00:01",28.31,59,1011.3
382,"2017-06-21 03:10:02",28.27,57,1011.36
383,"2017-06-21 03:20:02",28.29,58,1011.23
384,"2017-06-21 03:30:02",28.24,59,1011.26
385,"2017-06-21 03:40:01",28.08,60,1011.23
386,"2017-06-21 03:50:02",28.05,60,1011.21
387,"2017-06-21 04:00:02",27.9,61,1011.19
388,"2017-06-21 04:10:02",27.87,61,1011.17
389,"2017-06-21 04:20:02",27.81,61,1011.25
390,"2017-06-21 04:30:01",27.76,60,1011.15
391,"2017-06-21 04:40:02",27.76,60,1011.15
392,"2017-06-21 04:50:02",27.68,60,1011.12
393,"2017-06-21 05:00:02",27.56,58,1011.09
394,"2017-06-21 05:10:01",27.47,59,1011.02
395,"2017-06-21 05:20:01",27.49,60,1011.04
396,"2017-06-21 05:30:02",27.37,61,1011.3
397,"2017-06-21 05:40:02",27.28,61,1011.36
398,"2017-06-21 05:50:01",27.27,61,1011.43
399,"2017-06-21 06:00:01",27.21,61,1011.41
400,"2017-06-21 06:10:02",27.23,61,1011.41
401,"2017-06-21 06:20:02",27.23,61,1011.31
402,"2017-06-21 06:30:01",27.23,61,1011.24
403,"2017-06-21 06:40:02",27.19,61,1011.16
404,"2017-06-21 06:50:01",27.19,61,1011.04
405,"2017-06-21 07:00:02",27.23,61,1011.06
406,"2017-06-21 07:10:02",27.39,61,1011.04
407,"2017-06-21 07:20:01",27.64,60,1011.08
408,"2017-06-21 07:30:01",27.56,59,1011.13
409,"2017-06-21 07:40:02",27.51,60,1011.09
410,"2017-06-21 07:50:02",27.64,61,1011.23
411,"2017-06-21 08:00:01",27.64,60,1011.24
412,"2017-06-21 08:10:01",27.64,60,1011.21
413,"2017-06-21 08:20:02",27.53,59,1011.09
414,"2017-06-21 08:30:02",27.3,55,1011.12
415,"2017-06-21 08:40:01",27.18,57,1011.29
416,"2017-06-21 08:50:01",27.15,55,1011.36
417,"2017-06-21 09:00:02",27.23,54,1011.51
418,"2017-06-21 09:10:01",27.2,55,1011.76
419,"2017-06-21 09:20:01",27.21,56,1011.76
420,"2017-06-21 09:30:02",27.09,56,1011.96
421,"2017-06-21 09:40:02",27,53,1011.89
422,"2017-06-21 09:50:01",26.84,54,1011.77
423,"2017-06-21 10:00:01",27.23,54,1011.71
424,"2017-06-21 10:10:02",27.93,53,1011.57
425,"2017-06-21 10:20:02",28.02,53,1011.43
426,"2017-06-21 10:30:01",26.83,52,1011.45
427,"2017-06-21 10:40:01",26.98,53,1011.3
428,"2017-06-21 10:50:02",26.64,54,1011.21
429,"2017-06-21 11:00:01",26.44,55,1011.32
430,"2017-06-21 11:10:01",26.47,55,1011.44
431,"2017-06-21 11:20:02",26.11,56,1011.39
432,"2017-06-21 11:30:02",26.04,56,1011.35
433,"2017-06-21 11:40:01",26.08,57,1011.07
434,"2017-06-21 11:50:01",26.07,57,1011.11
435,"2017-06-21 12:00:02",26.07,58,1011.15
436,"2017-06-21 12:10:02",26.54,60,1010.95
437,"2017-06-21 12:20:01",27.19,62,1010.82
438,"2017-06-21 12:30:01",27.43,62,1010.86
439,"2017-06-21 12:40:02",27.42,60,1010.75
440,"2017-06-21 12:50:02",27.33,61,1010.68
441,"2017-06-21 13:00:01",27.44,62,1010.58
442,"2017-06-21 13:10:02",27.6,62,1010.44
443,"2017-06-21 13:20:02",27.51,60,1010.29
444,"2017-06-21 13:30:02",27.57,63,1010.15
445,"2017-06-21 13:40:01",27.72,59,1009.95
446,"2017-06-21 13:50:02",27.95,58,1009.85
447,"2017-06-21 14:00:02",27.89,61,1010.1
448,"2017-06-21 14:10:01",27.34,59,1010.36
449,"2017-06-21 14:20:01",27.25,58,1010.2
450,"2017-06-21 14:30:02",27.27,58,1010.25
451,"2017-06-21 14:40:02",27.61,57,1010.1
452,"2017-06-21 14:50:01",27.56,57,1010.01
453,"2017-06-21 15:00:01",27.63,57,1010.03
454,"2017-06-21 15:10:02",27.57,57,1010.01
455,"2017-06-21 15:20:02",27.53,57,1010.2
456,"2017-06-21 15:30:01",27.68,57,1010.34
457,"2017-06-21 15:40:02",27.7,57,1010.3
458,"2017-06-21 15:50:02",27.72,57,1009.98
459,"2017-06-21 16:00:01",27.75,57,1009.72
460,"2017-06-21 16:10:01",27.96,56,1009.8
461,"2017-06-21 16:20:02",27.9,56,1009.69
462,"2017-06-21 16:30:02",27.69,56,1009.79
463,"2017-06-21 16:40:01",27.95,56,1009.73
464,"2017-06-21 16:50:01",27.97,56,1009.72
465,"2017-06-21 17:00:02",28.17,56,1009.69
466,"2017-06-21 17:10:02",30.18,50,1009.49
467,"2017-06-21 17:20:01",30.43,49,1009.41
468,"2017-06-21 17:30:01",30.46,49,1009.26
469,"2017-06-21 17:40:02",30.72,50,1009.42
470,"2017-06-21 17:50:02",31,51,1009.06
471,"2017-06-21 18:00:01",30.95,52,1008.93
472,"2017-06-21 18:10:02",28.69,52,1005.23
473,"2017-06-21 18:20:02",29.24,52,1006.25
474,"2017-06-21 18:30:02",30.99,52,1008.56
475,"2017-06-21 18:40:01",30.89,53,1008.38
476,"2017-06-21 18:50:02",30.49,52,1008.13
477,"2017-06-21 19:00:02",30.92,52,1008.34
478,"2017-06-21 19:10:01",30.95,53,1008.38
479,"2017-06-21 19:20:01",30.68,52,1008.24
480,"2017-06-21 19:30:02",28.55,52,1004.64
481,"2017-06-21 19:40:02",30.88,53,1008.04
482,"2017-06-21 19:50:01",30.72,52,1008.31
483,"2017-06-21 20:00:01",30.86,52,1008.14
484,"2017-06-21 20:10:02",29.9,52,1006.27
485,"2017-06-21 20:20:02",30.76,52,1007.94
486,"2017-06-21 20:30:01",30.71,51,1007.93
487,"2017-06-21 20:40:02",30.84,53,1007.71
488,"2017-06-21 20:50:02",30.62,53,1007.98
489,"2017-06-21 21:00:01",30.75,52,1007.8
490,"2017-06-21 21:10:01",30.83,53,1007.67
491,"2017-06-21 21:20:02",30.72,52,1007.8
492,"2017-06-21 21:30:02",28.64,52,1004.51
493,"2017-06-21 21:40:01",30.58,53,1008.04
494,"2017-06-21 21:50:01",30.6,52,1008.24
495,"2017-06-21 22:00:02",30.58,51,1008.22
496,"2017-06-21 22:10:02",30.59,53,1008.37
497,"2017-06-21 22:20:01",28.61,51,1005.43
498,"2017-06-21 22:30:01",30.06,51,1007.82
499,"2017-06-21 22:40:02",28.13,52,1004.85
500,"2017-06-21 22:50:01",30.12,52,1008.41
501,"2017-06-21 23:00:01",30.37,51,1008.62
502,"2017-06-21 23:10:02",28,52,1004.83
503,"2017-06-21 23:20:02",30.18,51,1008.51
504,"2017-06-21 23:30:01",30.44,51,1008.57
505,"2017-06-21 23:40:01",30.06,52,1008.63
506,"2017-06-21 23:50:02",30.3,50,1008.88
507,"2017-06-22 00:00:02",29.64,51,1008.4
508,"2017-06-22 00:10:01",28.48,51,1006.51
509,"2017-06-22 00:20:01",30.23,51,1009.13
510,"2017-06-22 00:30:02",30.28,50,1008.99
511,"2017-06-22 00:40:02",29.74,52,1009.21
512,"2017-06-22 00:50:01",27.87,50,1005.28
513,"2017-06-22 01:00:02",27.9,50,1005.66
514,"2017-06-22 01:10:02",29.84,51,1009.21
515,"2017-06-22 01:20:02",29.95,51,1009.16
516,"2017-06-22 01:30:01",29.91,51,1008.96
517,"2017-06-22 01:40:02",29.2,51,1007.94
518,"2017-06-22 01:50:02",27.83,51,1005.99
519,"2017-06-22 02:00:02",30.01,50,1008.7
520,"2017-06-22 02:10:01",29.98,50,1008.77
521,"2017-06-22 02:20:01",29.97,50,1008.79
522,"2017-06-22 02:30:02",29.95,50,1008.75
523,"2017-06-22 02:40:02",29.94,50,1008.71
524,"2017-06-22 02:50:01",29.91,50,1008.6
525,"2017-06-22 03:00:01",29.87,51,1008.84
526,"2017-06-22 03:10:02",28.47,51,1006.68
527,"2017-06-22 03:20:02",28.54,51,1006.77
528,"2017-06-22 03:30:02",29.72,51,1008.52
529,"2017-06-22 03:40:01",29.74,51,1008.59
530,"2017-06-22 03:50:02",29.77,51,1008.51
531,"2017-06-22 04:00:02",29.64,51,1008.32
532,"2017-06-22 04:10:02",27.87,51,1005.37
533,"2017-06-22 04:20:02",29.6,51,1008.15
534,"2017-06-22 04:30:01",29.44,52,1008.11
535,"2017-06-22 04:40:02",29.36,52,1008.11
536,"2017-06-22 04:50:02",29.36,52,1008.13
537,"2017-06-22 05:00:02",27.18,52,1004.48
538,"2017-06-22 05:10:01",29.45,52,1007.99
539,"2017-06-22 05:20:01",29.33,52,1008.08
540,"2017-06-22 05:30:02",29.27,53,1008.26
541,"2017-06-22 05:40:02",29.24,53,1007.97
542,"2017-06-22 05:50:01",27.05,53,1004.66
543,"2017-06-22 06:00:01",29.16,53,1008.03
544,"2017-06-22 06:10:02",27.87,53,1005.96
545,"2017-06-22 06:20:02",29.19,53,1008.17
546,"2017-06-22 06:30:02",29.17,53,1007.88
547,"2017-06-22 06:40:01",29.21,53,1007.72
548,"2017-06-22 06:50:02",29.21,53,1007.65
549,"2017-06-22 07:00:02",29.27,53,1007.37
550,"2017-06-22 07:10:01",27.73,53,1004.67
551,"2017-06-22 07:20:01",27.47,51,1003.63
552,"2017-06-22 07:30:01",30.19,50,1007.19
553,"2017-06-22 07:40:02",30.07,51,1007.21
554,"2017-06-22 07:50:02",30.14,50,1007.16
555,"2017-06-22 08:00:01",30.16,51,1007.37
556,"2017-06-22 08:10:01",30.2,51,1007.36
557,"2017-06-22 08:20:01",30.21,51,1007.4
558,"2017-06-22 08:30:02",30.21,51,1007.07
559,"2017-06-22 08:40:01",30.14,51,1006.96
560,"2017-06-22 08:50:01",27.92,51,1003.47
561,"2017-06-22 09:00:02",30.2,51,1006.56
562,"2017-06-22 09:10:02",30.16,51,1006.43
563,"2017-06-22 09:20:01",27.95,51,1002.89
564,"2017-06-22 09:30:01",30.22,51,1006.67
565,"2017-06-22 09:40:02",29.59,51,1005.5
566,"2017-06-22 09:50:02",30.27,51,1006.26
567,"2017-06-22 10:00:01",30.16,52,1006.34
568,"2017-06-22 10:10:02",30.28,51,1005.93
569,"2017-06-22 10:20:02",30.34,51,1005.9
570,"2017-06-22 10:30:02",30.32,51,1005.93
571,"2017-06-22 10:40:01",28,52,1002.01
572,"2017-06-22 10:50:01",30.34,52,1005.66
573,"2017-06-22 11:00:02",30.42,52,1005.73
574,"2017-06-22 11:10:02",30.42,52,1005.79
575,"2017-06-22 11:20:01",30.57,52,1006.06
576,"2017-06-22 11:30:01",28.33,52,1002.32
577,"2017-06-22 11:40:02",30.59,52,1005.68
578,"2017-06-22 11:50:02",30.64,52,1005.75
579,"2017-06-22 12:00:01",30.68,52,1005.78
580,"2017-06-22 12:10:02",30.55,52,1005.81
581,"2017-06-22 12:20:02",29.67,52,1004.04
582,"2017-06-22 12:30:02",30.12,53,1005.61
583,"2017-06-22 12:40:01",30.14,54,1005.31
584,"2017-06-22 12:50:02",29.56,54,1004.22
585,"2017-06-22 13:00:02",28.63,54,1003.1
586,"2017-06-22 13:10:01",30.28,55,1005.23
587,"2017-06-22 13:20:01",30.17,53,1005.24
588,"2017-06-22 13:30:02",28.76,55,1002.6
589,"2017-06-22 13:40:02",30.08,54,1004.83
590,"2017-06-22 13:50:01",30.29,56,1004.49
591,"2017-06-22 14:00:02",30.3,54,1004.33
592,"2017-06-22 14:10:02",30.3,56,1004.29
593,"2017-06-22 14:20:02",30.27,54,1004.23
594,"2017-06-22 14:30:01",30.37,56,1004.18
595,"2017-06-22 14:40:02",29.4,54,1002.86
596,"2017-06-22 14:50:02",30.55,56,1004.25
597,"2017-06-22 15:00:01",28.17,54,1000.62
598,"2017-06-22 15:10:01",28.69,55,1001.27
599,"2017-06-22 15:20:02",30.01,53,1004.04
600,"2017-06-22 15:30:02",27.95,51,1000.36
601,"2017-06-22 15:40:01",30.31,51,1003.63
602,"2017-06-22 15:50:02",30.32,50,1003.58
603,"2017-06-22 16:00:02",30.41,50,1003.57
604,"2017-06-22 16:10:01",30.59,49,1003.43
605,"2017-06-22 16:20:01",30.47,50,1003.45
606,"2017-06-22 16:30:02",29.66,50,1001.6
607,"2017-06-22 16:40:02",30.92,49,1003.24
608,"2017-06-22 16:50:02",30.87,49,1003.27
609,"2017-06-22 17:00:01",31.02,49,1003.47
610,"2017-06-22 17:10:01",30.97,50,1003.09
611,"2017-06-22 17:20:01",30.76,47,1003.03
612,"2017-06-22 17:30:02",30.59,48,1002.92
613,"2017-06-22 17:40:02",28.84,48,999.63
614,"2017-06-22 17:50:01",30.84,49,1002.96
615,"2017-06-22 18:00:02",30.85,48,1002.96
616,"2017-06-22 18:10:02",30.6,48,1002.99
617,"2017-06-22 18:20:02",30.29,48,1003.07
618,"2017-06-22 18:30:01",29.67,50,1002.8
619,"2017-06-22 18:40:02",29.92,49,1002.88
620,"2017-06-22 18:50:02",28.99,49,1001.12
621,"2017-06-22 19:00:01",28.88,49,1001.05
622,"2017-06-22 19:10:02",29.76,49,1002.46
623,"2017-06-22 19:20:02",27.86,49,999.57
624,"2017-06-22 19:30:01",30,49,1002.29
625,"2017-06-22 19:40:01",30.12,49,1002.2
626,"2017-06-22 19:50:02",30.1,49,1002.27
627,"2017-06-22 20:00:02",29.77,49,1002.16
628,"2017-06-22 20:10:01",28.37,49,1000.56
629,"2017-06-22 20:20:01",28.79,50,1001.67
630,"2017-06-22 20:30:02",28.66,48,1001.09
631,"2017-06-22 20:40:02",28.09,47,1000.27
632,"2017-06-22 20:50:01",27.53,47,999.42
633,"2017-06-22 21:00:01",29.65,48,1003.13
634,"2017-06-22 21:10:02",29.49,48,1003.23
635,"2017-06-22 21:20:02",29.57,48,1003.26
636,"2017-06-22 21:30:01",29.54,48,1003.45
637,"2017-06-22 21:40:01",29.26,48,1003.61
638,"2017-06-22 21:50:02",29.41,48,1003.75
639,"2017-06-22 22:00:01",28.41,48,1002.5
640,"2017-06-22 22:10:01",29.62,47,1004.03
641,"2017-06-22 22:20:02",29.43,47,1004.15
642,"2017-06-22 22:30:02",27.87,47,1001.82
643,"2017-06-22 22:40:01",29.51,47,1004.17
644,"2017-06-22 22:50:01",29.48,47,1003.93
645,"2017-06-22 23:00:02",29.93,48,1004.26
646,"2017-06-22 23:10:02",30.48,49,1004.05
647,"2017-06-22 23:20:01",30.69,49,1004.24
648,"2017-06-22 23:30:01",30.61,50,1004.36
649,"2017-06-22 23:40:02",30.79,50,1004.2
650,"2017-06-22 23:50:01",28.36,51,1000.48
651,"2017-06-23 00:00:01",30.87,50,1004.12
652,"2017-06-23 00:10:02",30.84,51,1004.44
653,"2017-06-23 00:20:02",30.67,50,1004.52
654,"2017-06-23 00:30:01",30.49,51,1004.05
655,"2017-06-23 00:40:01",30.42,51,1003.95
656,"2017-06-23 00:50:02",30.51,50,1004
657,"2017-06-23 01:00:01",28.64,50,1000.58
658,"2017-06-23 01:10:01",30.76,50,1004.23
659,"2017-06-23 01:20:02",30.77,51,1004.46
660,"2017-06-23 01:30:02",30.42,52,1004.08
661,"2017-06-23 01:40:01",29.11,52,1002.29
662,"2017-06-23 01:50:01",30.71,51,1004.02
663,"2017-06-23 02:00:02",30.74,52,1004
664,"2017-06-23 02:10:02",28.93,52,1001.47
665,"2017-06-23 02:20:01",30.66,52,1003.96
666,"2017-06-23 02:30:01",30.36,53,1003.41
667,"2017-06-23 02:40:02",30.36,53,1003.27
668,"2017-06-23 02:50:02",30.35,55,1003.33
669,"2017-06-23 03:00:01",30.3,53,1003.26
670,"2017-06-23 03:10:02",30.3,54,1003.04
671,"2017-06-23 03:20:02",28.6,54,1000.12
672,"2017-06-23 03:30:02",30.29,54,1003.02
673,"2017-06-23 03:40:01",30.17,53,1003.51
674,"2017-06-23 03:50:02",30.18,55,1003.4
675,"2017-06-23 04:00:02",30.04,55,1003.45
676,"2017-06-23 04:10:01",29.69,53,1002.37
677,"2017-06-23 04:20:01",30.24,54,1003.56
678,"2017-06-23 04:30:02",30.3,53,1003.66
679,"2017-06-23 04:40:02",30.15,54,1004.06
680,"2017-06-23 04:50:01",30.34,54,1003.94
681,"2017-06-23 05:00:01",30.17,54,1003.99
682,"2017-06-23 05:10:02",30.05,54,1004.05
683,"2017-06-23 05:20:02",30.17,54,1003.94
684,"2017-06-23 05:30:01",30.1,55,1003.81
685,"2017-06-23 05:40:01",30.06,55,1004
686,"2017-06-23 05:50:02",29.72,56,1003.98
687,"2017-06-23 06:00:02",29.81,57,1004.78
688,"2017-06-23 06:10:01",29.46,59,1004.94
689,"2017-06-23 06:20:01",29.52,59,1005.11
690,"2017-06-23 06:30:01",29.12,60,1005.58
691,"2017-06-23 06:40:01",28.9,62,1005.54
692,"2017-06-23 06:50:02",28.53,61,1005.33
693,"2017-06-23 07:00:02",29.17,60,1005.74
694,"2017-06-23 07:10:01",28.96,60,1006.11
695,"2017-06-23 07:20:01",29.17,59,1006.66
696,"2017-06-23 07:30:02",26.67,60,1002.77
697,"2017-06-23 07:40:02",29.08,59,1006.52
698,"2017-06-23 07:50:02",28.35,60,1005.77
699,"2017-06-23 08:00:01",28.99,60,1006.86
700,"2017-06-23 08:10:01",29.28,54,1007.24
701,"2017-06-23 08:20:02",29.9,54,1007.42
702,"2017-06-23 08:30:02",29.91,54,1007.3
703,"2017-06-23 08:40:02",28.94,60,1007.63
704,"2017-06-23 08:50:01",28.8,59,1008.24
705,"2017-06-23 09:00:01",28.85,59,1008.51
706,"2017-06-23 09:10:02",26.69,58,1005.06
707,"2017-06-23 09:20:02",28.03,57,1006.77
708,"2017-06-23 09:30:02",29.35,57,1008.74
709,"2017-06-23 09:40:01",29.7,52,1008.85
710,"2017-06-23 09:50:01",29.16,52,1009.07
711,"2017-06-23 10:00:02",28.87,51,1008.98
712,"2017-06-23 10:10:02",29.08,50,1009.05
713,"2017-06-23 10:20:02",27.57,50,1007.29
714,"2017-06-23 10:30:01",29.2,49,1009.58
715,"2017-06-23 10:40:01",29.47,48,1009.83
716,"2017-06-23 10:50:02",28.23,48,1007.84
717,"2017-06-23 11:00:02",27.27,47,1006.06
718,"2017-06-23 11:10:01",29.37,47,1009.48
719,"2017-06-23 11:20:01",29.29,47,1009.61
720,"2017-06-23 11:30:01",29.25,47,1010.15
721,"2017-06-23 11:40:02",28.27,47,1008.99
722,"2017-06-23 11:50:02",28.97,47,1010.02
723,"2017-06-23 12:00:01",28.89,46,1009.79
724,"2017-06-23 12:10:01",29.24,48,1009.93
725,"2017-06-23 12:20:02",26.53,44,1005.53
726,"2017-06-23 12:30:02",26.71,45,1005.73
727,"2017-06-23 12:40:01",27.94,43,1007.82
728,"2017-06-23 12:50:01",28.24,43,1007.76
729,"2017-06-23 13:00:02",29.52,41,1010.5
730,"2017-06-23 13:10:02",27.73,41,1007.58
731,"2017-06-23 13:20:01",27.85,40,1008.15
732,"2017-06-23 13:50:37",28.78,42,1010.92
733,"2017-06-23 14:00:02",27.19,47,1011.02
734,"2017-06-23 17:30:02",26.86,44,1012.04
735,"2017-06-23 17:40:02",27.06,44,1012.03
736,"2017-06-23 17:50:02",27.16,45,1012.18
737,"2017-06-23 18:00:01",27.03,41,1012.13
738,"2017-06-23 18:10:02",26.86,42,1011.99
739,"2017-06-23 18:20:02",26.85,43,1012.08
740,"2017-06-23 18:30:02",26.96,42,1012.31
741,"2017-06-23 18:40:01",26.85,39,1012.67
742,"2017-06-23 18:50:01",26.65,39,1012.79
743,"2017-06-23 19:00:02",26.51,39,1013.08
744,"2017-06-23 19:10:02",26.71,39,1013.17
745,"2017-06-23 19:20:01",26.99,39,1013.27
746,"2017-06-23 19:30:01",27.13,40,1013.42
747,"2017-06-23 19:40:02",27.11,39,1013.43
748,"2017-06-23 19:50:02",27.17,39,1013.6
749,"2017-06-23 20:00:01",27.28,39,1013.76
750,"2017-06-23 20:10:02",27.25,40,1013.94
751,"2017-06-23 20:20:02",27.23,40,1014.06
752,"2017-06-23 20:30:02",27.07,41,1014.28
753,"2017-06-23 20:40:01",27.03,42,1014.41
754,"2017-06-23 20:50:02",26.89,43,1014.5
755,"2017-06-23 21:00:02",26.81,44,1014.71
756,"2017-06-23 21:10:01",26.73,44,1014.87
757,"2017-06-23 21:20:01",26.7,45,1015.11
758,"2017-06-23 21:30:01",26.67,45,1015.33
759,"2017-06-23 21:40:02",26.62,46,1015.45
760,"2017-06-23 21:50:02",26.54,46,1015.72
761,"2017-06-23 22:00:01",26.36,47,1015.83
762,"2017-06-23 22:10:02",26.52,47,1016.1
763,"2017-06-23 22:20:02",26.75,46,1016.23
764,"2017-06-23 22:30:02",27.01,46,1016.24
765,"2017-06-23 22:40:01",27.02,45,1016.29
766,"2017-06-23 22:50:01",26.88,46,1016.43
767,"2017-06-23 23:00:02",26.56,47,1016.51
768,"2017-06-23 23:10:01",26.46,47,1016.52
769,"2017-06-23 23:20:01",26.4,47,1016.62
770,"2017-06-23 23:30:01",26.16,48,1016.73
771,"2017-06-23 23:40:02",25.88,49,1016.79
772,"2017-06-23 23:50:01",26.06,48,1016.74
773,"2017-06-24 00:00:01",25.97,48,1016.83
774,"2017-06-24 00:10:02",25.96,49,1016.86
775,"2017-06-24 00:20:02",25.84,49,1016.96
776,"2017-06-24 00:30:01",25.65,50,1017.14
777,"2017-06-24 00:40:01",25.78,50,1017.06
778,"2017-06-24 00:50:02",25.66,50,1017.11
779,"2017-06-24 01:00:02",25.48,50,1017.18
780,"2017-06-24 01:10:01",25.43,50,1017.04
781,"2017-06-24 01:20:01",25.47,50,1017.07
782,"2017-06-24 01:30:02",25.26,51,1017.07
783,"2017-06-24 01:40:01",25.08,51,1017.19
784,"2017-06-24 01:50:01",24.99,51,1017.15
785,"2017-06-24 02:00:02",24.89,51,1017.18
786,"2017-06-24 02:10:02",24.93,51,1017.25
787,"2017-06-24 02:20:02",24.88,51,1017.25
788,"2017-06-24 02:30:01",24.76,51,1017.31
789,"2017-06-24 02:40:02",24.62,51,1017.41
790,"2017-06-24 02:50:02",24.6,52,1017.48
791,"2017-06-24 03:00:01",24.11,54,1017.71
792,"2017-06-24 03:10:01",23.98,52,1017.74
793,"2017-06-24 03:20:02",23.84,53,1017.75
794,"2017-06-24 03:30:02",23.66,53,1017.91
795,"2017-06-24 03:40:01",23.49,53,1017.92
796,"2017-06-24 03:50:01",23.45,53,1018.1
797,"2017-06-24 04:00:02",23.36,53,1018.06
798,"2017-06-24 04:10:02",23.13,54,1018.01
799,"2017-06-24 04:20:01",23.11,54,1017.99
800,"2017-06-24 04:30:01",23.03,54,1018.07
801,"2017-06-24 04:40:02",22.96,54,1018.1
802,"2017-06-24 04:50:02",22.76,54,1018.11
803,"2017-06-24 05:00:01",22.75,54,1018.22
804,"2017-06-24 05:10:02",22.59,54,1018.3
805,"2017-06-24 05:20:02",22.49,55,1018.33
806,"2017-06-24 05:30:01",22.53,55,1018.42
807,"2017-06-24 05:40:01",22.47,55,1018.47
808,"2017-06-24 05:50:02",22.49,55,1018.63
809,"2017-06-24 06:00:02",22.37,55,1018.78
810,"2017-06-24 06:10:01",22.34,56,1018.85
811,"2017-06-24 06:20:01",22.68,54,1018.96
812,"2017-06-24 06:30:02",22.39,55,1019.06
813,"2017-06-24 06:40:01",22.32,55,1019.24
814,"2017-06-24 06:50:02",22.43,55,1019.31
815,"2017-06-24 07:00:02",23.1,53,1019.42
816,"2017-06-24 07:10:01",23.01,53,1019.52
817,"2017-06-24 07:20:01",23.54,51,1019.74
818,"2017-06-24 07:30:02",23.59,52,1019.95
819,"2017-06-24 07:40:01",23.35,53,1020.2
820,"2017-06-24 07:50:02",23.24,53,1020.38
821,"2017-06-24 08:00:02",23.61,52,1020.45
822,"2017-06-24 08:10:01",23.72,50,1020.47
823,"2017-06-24 08:20:01",23.59,49,1020.61
824,"2017-06-24 08:30:02",23.34,50,1020.88
825,"2017-06-24 08:40:02",23.68,48,1020.91
826,"2017-06-24 08:50:01",23.61,46,1021.13
827,"2017-06-24 09:00:02",23.89,45,1021.26
828,"2017-06-24 09:10:02",23.96,43,1021.4
829,"2017-06-24 09:20:02",24.02,39,1021.67
830,"2017-06-24 09:30:01",23.95,39,1021.86
831,"2017-06-24 09:40:02",24.02,38,1021.91
832,"2017-06-24 09:50:02",24.09,37,1021.91
833,"2017-06-24 10:00:01",24.21,37,1021.95
834,"2017-06-24 10:10:01",24.23,35,1022.02
835,"2017-06-24 10:20:02",24.3,34,1022.13
836,"2017-06-24 10:30:02",24.24,34,1022.26
837,"2017-06-24 10:40:02",24.26,34,1022.18
838,"2017-06-24 10:50:01",24.31,33,1022.3
839,"2017-06-24 11:00:02",24.29,34,1022.26
840,"2017-06-24 11:10:02",24.37,34,1022.37
841,"2017-06-24 11:20:02",24.46,34,1022.24
842,"2017-06-24 11:30:01",24.63,36,1022.28
843,"2017-06-24 11:40:01",24.73,35,1022.28
844,"2017-06-24 11:50:02",24.79,35,1022.16
845,"2017-06-24 12:00:01",24.94,35,1022.14
846,"2017-06-24 12:10:01",24.98,35,1022.26
847,"2017-06-24 12:20:02",25.11,36,1022.23
848,"2017-06-24 12:30:02",25.1,35,1022.18
849,"2017-06-24 12:40:01",25.14,33,1022.01
850,"2017-06-24 12:50:01",25.13,34,1021.95
851,"2017-06-24 13:00:02",25.17,34,1021.88
852,"2017-06-24 13:10:02",25.16,34,1021.73
853,"2017-06-24 13:20:02",25.25,34,1021.58
854,"2017-06-24 13:30:01",25.3,34,1021.62
855,"2017-06-24 13:40:02",25.35,33,1021.62
856,"2017-06-24 13:50:02",25.4,33,1021.46
857,"2017-06-24 14:00:01",25.46,33,1021.5
858,"2017-06-24 14:10:01",25.51,32,1021.41
859,"2017-06-24 14:20:02",25.56,32,1021.24
860,"2017-06-24 14:30:02",25.64,32,1020.94
861,"2017-06-24 14:40:01",25.67,31,1020.92
862,"2017-06-24 14:50:01",25.74,31,1020.82
863,"2017-06-24 15:00:02",25.82,32,1020.61
864,"2017-06-24 15:10:02",25.92,32,1020.75
865,"2017-06-24 15:20:01",25.95,32,1020.56
866,"2017-06-24 15:30:01",25.99,30,1020.46
867,"2017-06-24 15:40:02",26.04,30,1020.29
868,"2017-06-24 15:50:02",26.09,31,1020.23
869,"2017-06-24 16:00:01",26,31,1020.24
870,"2017-06-24 16:10:02",26.05,31,1020.12
871,"2017-06-24 16:20:02",26.06,30,1020.2
872,"2017-06-24 16:30:02",26.05,30,1020.14
873,"2017-06-24 16:40:01",25.97,29,1020.16
874,"2017-06-24 16:50:02",25.93,30,1020.14
875,"2017-06-24 17:00:02",25.97,30,1020.18
876,"2017-06-24 17:10:01",25.95,31,1020.13
877,"2017-06-24 17:20:01",25.93,31,1020.11
878,"2017-06-24 17:30:01",25.94,32,1019.96
879,"2017-06-24 17:40:02",25.96,33,1019.8
880,"2017-06-24 17:50:02",26.01,34,1019.73
881,"2017-06-24 18:00:01",26.03,34,1019.77
882,"2017-06-24 18:10:02",26.04,34,1019.77
883,"2017-06-24 18:20:02",26.09,34,1019.61
884,"2017-06-24 18:30:02",26.06,34,1019.58
885,"2017-06-24 18:40:01",26.19,35,1019.61
886,"2017-06-24 18:50:02",26.23,35,1019.58
887,"2017-06-24 19:00:02",26.33,35,1019.53
888,"2017-06-24 19:10:01",26.36,36,1019.57
889,"2017-06-24 19:20:01",26.24,36,1019.52
890,"2017-06-24 19:30:02",26.24,37,1019.61
891,"2017-06-24 19:40:02",26.27,38,1019.65
892,"2017-06-24 19:50:01",26.31,39,1019.62
893,"2017-06-24 20:00:02",26.33,40,1019.55
894,"2017-06-24 20:10:02",26.4,41,1019.5
895,"2017-06-24 20:20:02",26.28,41,1019.53
896,"2017-06-24 20:30:01",26.18,42,1019.64
897,"2017-06-24 20:40:02",26.04,43,1019.6
898,"2017-06-24 20:50:02",25.92,43,1019.67
899,"2017-06-24 21:00:01",25.83,44,1019.66
900,"2017-06-24 21:10:01",25.75,45,1019.72
901,"2017-06-24 21:20:02",25.7,44,1019.84
902,"2017-06-24 21:30:02",25.5,44,1020.08
903,"2017-06-24 21:40:01",25.36,44,1020.08
904,"2017-06-24 21:50:01",25.32,43,1020.18
905,"2017-06-24 22:00:02",25.25,44,1020.38
906,"2017-06-24 22:10:01",25.07,44,1020.55
907,"2017-06-24 22:20:01",24.97,43,1020.63
908,"2017-06-24 22:30:02",24.94,44,1020.72
909,"2017-06-24 22:40:02",24.84,43,1020.86
910,"2017-06-24 22:50:01",24.76,43,1020.79
911,"2017-06-24 23:00:01",24.64,43,1020.7
912,"2017-06-24 23:10:02",24.55,43,1020.78
913,"2017-06-24 23:20:02",24.46,44,1020.83
914,"2017-06-24 23:30:01",24.4,43,1020.88
915,"2017-06-24 23:40:02",24.37,43,1020.88
916,"2017-06-24 23:50:01",24.27,43,1020.9
917,"2017-06-25 00:00:02",24.19,43,1020.87
918,"2017-06-25 00:10:02",24.13,43,1020.89
919,"2017-06-25 00:20:01",24.02,43,1021.01
920,"2017-06-25 00:30:01",23.96,43,1021.06
921,"2017-06-25 00:40:02",23.92,44,1021.13
922,"2017-06-25 00:50:02",23.83,45,1021.14
923,"2017-06-25 01:00:01",23.79,45,1021.01
924,"2017-06-25 01:10:02",23.75,45,1021.13
925,"2017-06-25 01:20:02",23.69,45,1021.13
926,"2017-06-25 01:30:02",23.65,46,1021.18
927,"2017-06-25 01:40:01",23.6,46,1021.17
928,"2017-06-25 01:50:02",23.56,47,1021.28
929,"2017-06-25 02:00:02",23.59,47,1021.39
930,"2017-06-25 02:10:02",23.62,47,1021.38
931,"2017-06-25 02:20:02",23.57,47,1021.42
932,"2017-06-25 02:30:01",23.49,48,1021.38
933,"2017-06-25 02:40:02",23.53,48,1021.34
934,"2017-06-25 02:50:02",23.52,48,1021.41
935,"2017-06-25 03:00:01",23.52,49,1021.39
936,"2017-06-25 03:10:01",23.46,48,1021.39
937,"2017-06-25 03:20:02",23.34,49,1021.5
938,"2017-06-25 03:30:02",23.22,49,1021.44
939,"2017-06-25 03:40:01",23.13,49,1021.47
940,"2017-06-25 03:50:01",23.07,49,1021.48
941,"2017-06-25 04:00:01",22.98,49,1021.57
942,"2017-06-25 04:10:02",22.89,49,1021.69
943,"2017-06-25 04:20:02",22.86,49,1021.66
944,"2017-06-25 04:30:02",22.74,49,1021.81
945,"2017-06-25 04:40:01",22.67,49,1021.95
946,"2017-06-25 04:50:02",22.66,49,1022.13
947,"2017-06-25 05:00:02",22.73,51,1022.17
948,"2017-06-25 05:10:01",22.6,49,1022.33
949,"2017-06-25 05:20:01",22.54,49,1022.42
950,"2017-06-25 05:30:02",22.52,49,1022.43
951,"2017-06-25 05:40:02",22.4,49,1022.44
952,"2017-06-25 05:50:01",22.21,50,1022.6
953,"2017-06-25 06:00:01",22.23,50,1022.55
954,"2017-06-25 06:10:02",22.22,50,1022.63
955,"2017-06-25 06:20:02",22.22,50,1022.8
956,"2017-06-25 06:30:02",22.19,51,1022.83
957,"2017-06-25 06:40:02",22.1,51,1023.06
958,"2017-06-25 06:50:02",22.11,51,1023.22
959,"2017-06-25 07:00:01",22.2,51,1023.24
960,"2017-06-25 07:10:02",22.29,51,1023.23
961,"2017-06-25 07:20:02",23.2,49,1023.27
962,"2017-06-25 07:30:02",23.26,49,1023.34
963,"2017-06-25 07:40:01",23.23,49,1023.34
964,"2017-06-25 07:50:02",23.12,51,1023.43
965,"2017-06-25 08:00:02",23.07,50,1023.62
966,"2017-06-25 08:10:01",23.2,49,1023.52
967,"2017-06-25 08:20:01",23.31,50,1023.56
968,"2017-06-25 08:30:02",23.42,48,1023.65
969,"2017-06-25 08:40:02",23.46,47,1023.76
970,"2017-06-25 08:50:01",23.64,46,1024.02
971,"2017-06-25 09:00:02",23.73,46,1024.18
972,"2017-06-25 09:10:02",23.95,46,1024.17
973,"2017-06-25 09:20:02",24.1,47,1024.19
974,"2017-06-25 09:30:01",24.34,47,1024.21
975,"2017-06-25 09:40:02",24.53,46,1024.15
976,"2017-06-25 09:50:02",24.62,43,1024.15
977,"2017-06-25 10:00:01",24.79,41,1024.28
978,"2017-06-25 10:10:01",24.91,40,1024.28
979,"2017-06-25 10:20:02",24.8,41,1024.21
980,"2017-06-25 10:30:02",24.89,39,1024.05
981,"2017-06-25 10:40:01",25.03,40,1023.99
982,"2017-06-25 10:50:01",25.11,39,1023.92
983,"2017-06-25 11:00:02",25.2,39,1023.94
984,"2017-06-25 11:10:02",25.3,39,1024.12
985,"2017-06-25 11:20:01",25.54,40,1024.19
986,"2017-06-25 11:30:01",25.42,40,1024.13
987,"2017-06-25 11:40:02",25.48,41,1024.05
988,"2017-06-25 11:50:01",25.62,40,1024
989,"2017-06-25 12:00:01",25.71,39,1023.91
990,"2017-06-25 12:10:02",25.73,38,1024
991,"2017-06-25 12:20:02",25.93,39,1023.94
992,"2017-06-25 12:30:01",25.97,39,1023.79
993,"2017-06-25 12:40:01",26,38,1023.78
994,"2017-06-25 12:50:02",26.11,39,1023.69
995,"2017-06-25 13:00:01",26.16,39,1023.6
996,"2017-06-25 13:10:01",26.22,37,1023.58
997,"2017-06-25 13:20:02",26.22,37,1023.5
